target,accuracy,precision,recall,f1
result,0.4807017543859649,0.4510802431737221,0.4807017543859649,0.45532972170892017
btts,0.5146198830409358,0.5145140673261599,0.5146198830409358,0.5144123177174068
over_2.5,0.5494152046783626,0.5484460939214331,0.5494152046783626,0.5480800257679803
